Student_ID,Student_Name,Class,Gender,Math,Science,English,Computer,Average,Grade,Pass_Fail
S0001,Student_1,CSE-B,Male,68,84,42,67,65.25,C,Pass
S0002,Student_2,CSE-A,Male,54,96,57,97,76.0,B,Pass
S0003,Student_3,IT-A,Male,44,63,34,94,58.75,D,Pass
S0004,Student_4,ECE-A,Male,75,67,78,23,60.75,C,Pass
S0005,Student_5,CSE-B,Male,46,95,40,51,58.0,D,Pass
S0006,Student_6,CSE-B,Male,68,89,61,50,67.0,C,Pass
S0007,Student_7,CSE-B,Male,32,21,100,72,56.25,D,Pass
S0008,Student_8,CSE-B,Male,33,39,39,20,32.75,F,Fail
S0009,Student_9,ECE-A,Male,96,27,80,53,64.0,C,Pass
S0010,Student_10,IT-A,Female,49,48,82,99,69.5,C,Pass
S0011,Student_11,IT-A,Female,58,21,57,58,48.5,F,Pass
S0012,Student_12,ECE-A,Female,64,58,97,57,69.0,C,Pass
S0013,Student_13,ECE-A,Male,74,24,85,72,63.75,C,Pass
S0014,Student_14,CSE-B,Male,57,93,70,40,65.0,C,Pass
S0015,Student_15,ECE-A,Female,39,69,34,31,43.25,F,Pass
S0016,Student_16,CSE-B,Female,22,80,40,49,47.75,F,Pass
S0017,Student_17,CSE-B,Male,30,52,65,53,50.0,D,Pass
S0018,Student_18,CSE-A,Female,45,28,69,39,45.25,F,Pass
S0019,Student_19,CSE-A,Female,48,89,93,42,68.0,C,Pass
S0020,Student_20,CSE-A,Female,43,48,33,83,51.75,D,Pass
S0021,Student_21,ECE-A,Female,26,93,25,69,53.25,D,Pass
S0022,Student_22,CSE-B,Male,38,52,26,63,44.75,F,Pass
S0023,Student_23,ECE-A,Female,25,30,26,24,26.25,F,Fail
S0024,Student_24,CSE-A,Male,94,78,78,78,82.0,A,Pass
S0025,Student_25,ECE-A,Female,82,39,79,79,69.75,C,Pass
S0026,Student_26,CSE-A,Female,83,31,34,81,57.25,D,Pass
S0027,Student_27,IT-A,Male,43,54,45,100,60.5,C,Pass
S0028,Student_28,ECE-A,Male,58,69,30,86,60.75,C,Pass
S0029,Student_29,CSE-B,Female,31,93,57,75,64.0,C,Pass
S0030,Student_30,ECE-A,Male,96,73,35,28,58.0,D,Pass
S0031,Student_31,CSE-B,Female,48,45,40,84,54.25,D,Pass
S0032,Student_32,IT-A,Male,93,24,82,99,74.5,B,Pass
S0033,Student_33,IT-A,Female,69,35,52,25,45.25,F,Pass
S0034,Student_34,CSE-A,Male,83,25,59,79,61.5,C,Pass
S0035,Student_35,CSE-A,Male,24,94,72,95,71.25,B,Pass
S0036,Student_36,ECE-A,Female,83,97,97,42,79.75,B,Pass
S0037,Student_37,CSE-A,Male,54,74,54,100,70.5,B,Pass
S0038,Student_38,IT-A,Female,57,45,64,94,65.0,C,Pass
S0039,Student_39,ECE-A,Male,34,20,92,35,45.25,F,Pass
S0040,Student_40,CSE-A,Female,76,43,100,24,60.75,C,Pass
S0041,Student_41,CSE-A,Male,23,68,74,74,59.75,D,Pass
S0042,Student_42,CSE-A,Female,74,78,91,67,77.5,B,Pass
S0043,Student_43,ECE-A,Male,43,29,97,92,65.25,C,Pass
S0044,Student_44,CSE-A,Female,47,54,90,82,68.25,C,Pass
S0045,Student_45,CSE-B,Female,87,59,68,95,77.25,B,Pass
S0046,Student_46,ECE-A,Male,29,81,75,41,56.5,D,Pass
S0047,Student_47,CSE-B,Male,71,28,23,93,53.75,D,Pass
S0048,Student_48,CSE-A,Male,45,62,60,45,53.0,D,Pass
S0049,Student_49,CSE-A,Male,56,37,89,99,70.25,B,Pass
S0050,Student_50,CSE-B,Male,23,27,58,25,33.25,F,Fail
S0051,Student_51,CSE-B,Female,50,58,95,45,62.0,C,Pass
S0052,Student_52,CSE-A,Female,31,59,46,65,50.25,D,Pass
S0053,Student_53,CSE-A,Female,57,30,49,26,40.5,F,Pass
S0054,Student_54,CSE-A,Female,38,88,45,31,50.5,D,Pass
S0055,Student_55,CSE-B,Male,41,46,76,69,58.0,D,Pass
S0056,Student_56,CSE-A,Female,55,28,79,83,61.25,C,Pass
S0057,Student_57,CSE-A,Male,46,88,95,48,69.25,C,Pass
S0058,Student_58,ECE-A,Male,66,64,41,93,66.0,C,Pass
S0059,Student_59,IT-A,Male,77,100,83,69,82.25,A,Pass
S0060,Student_60,CSE-A,Male,36,99,93,69,74.25,B,Pass
S0061,Student_61,IT-A,Male,37,99,41,90,66.75,C,Pass
S0062,Student_62,IT-A,Male,93,56,99,75,80.75,A,Pass
S0063,Student_63,IT-A,Female,85,67,70,79,75.25,B,Pass
S0064,Student_64,IT-A,Female,38,58,49,47,48.0,F,Pass
S0065,Student_65,IT-A,Female,81,50,20,68,54.75,D,Pass
S0066,Student_66,CSE-B,Female,25,56,30,69,45.0,F,Pass
S0067,Student_67,CSE-A,Female,97,25,91,60,68.25,C,Pass
S0068,Student_68,ECE-A,Male,69,99,41,32,60.25,C,Pass
S0069,Student_69,IT-A,Female,76,84,59,28,61.75,C,Pass
S0070,Student_70,ECE-A,Male,42,89,59,42,58.0,D,Pass
S0071,Student_71,CSE-B,Male,100,94,37,51,70.5,B,Pass
S0072,Student_72,ECE-A,Female,41,83,42,100,66.5,C,Pass
S0073,Student_73,ECE-A,Female,83,72,63,85,75.75,B,Pass
S0074,Student_74,IT-A,Male,44,20,52,53,42.25,F,Pass
S0075,Student_75,CSE-A,Female,75,50,28,56,52.25,D,Pass
S0076,Student_76,CSE-B,Male,63,88,67,78,74.0,B,Pass
S0077,Student_77,ECE-A,Female,71,51,47,69,59.5,D,Pass
S0078,Student_78,CSE-B,Female,74,50,50,31,51.25,D,Pass
S0079,Student_79,IT-A,Female,81,42,79,43,61.25,C,Pass
S0080,Student_80,CSE-B,Female,85,82,26,73,66.5,C,Pass
S0081,Student_81,CSE-B,Male,98,61,67,68,73.5,B,Pass
S0082,Student_82,ECE-A,Male,67,27,23,52,42.25,F,Pass
S0083,Student_83,ECE-A,Female,39,75,72,99,71.25,B,Pass
S0084,Student_84,CSE-A,Female,33,88,49,55,56.25,D,Pass
S0085,Student_85,CSE-A,Female,79,64,61,21,56.25,D,Pass
S0086,Student_86,CSE-A,Male,97,91,73,92,88.25,A,Pass
S0087,Student_87,CSE-A,Female,52,78,26,20,44.0,F,Pass
S0088,Student_88,IT-A,Female,27,32,25,75,39.75,F,Fail
S0089,Student_89,CSE-B,Female,61,65,47,99,68.0,C,Pass
S0090,Student_90,IT-A,Female,97,55,94,39,71.25,B,Pass
S0091,Student_91,CSE-A,Male,95,83,79,29,71.5,B,Pass
S0092,Student_92,ECE-A,Male,36,64,73,23,49.0,F,Pass
S0093,Student_93,CSE-B,Female,80,79,85,25,67.25,C,Pass
S0094,Student_94,CSE-A,Female,88,76,99,68,82.75,A,Pass
S0095,Student_95,ECE-A,Male,57,96,35,79,66.75,C,Pass
S0096,Student_96,ECE-A,Male,71,20,46,40,44.25,F,Pass
S0097,Student_97,CSE-B,Male,67,62,21,60,52.5,D,Pass
S0098,Student_98,IT-A,Female,82,63,41,20,51.5,D,Pass
S0099,Student_99,CSE-B,Male,27,91,42,39,49.75,F,Pass
S0100,Student_100,CSE-A,Female,22,37,91,64,53.5,D,Pass
S0101,Student_101,CSE-B,Female,40,30,28,71,42.25,F,Pass
S0102,Student_102,IT-A,Female,37,66,86,83,68.0,C,Pass
S0103,Student_103,CSE-A,Female,61,98,39,79,69.25,C,Pass
S0104,Student_104,CSE-B,Female,30,32,78,39,44.75,F,Pass
S0105,Student_105,ECE-A,Male,34,61,77,72,61.0,C,Pass
S0106,Student_106,ECE-A,Male,82,20,34,55,47.75,F,Pass
S0107,Student_107,ECE-A,Female,82,31,43,88,61.0,C,Pass
S0108,Student_108,IT-A,Female,32,55,29,73,47.25,F,Pass
S0109,Student_109,IT-A,Female,74,92,21,62,62.25,C,Pass
S0110,Student_110,CSE-B,Male,25,26,93,67,52.75,D,Pass
S0111,Student_111,CSE-A,Female,65,65,49,64,60.75,C,Pass
S0112,Student_112,CSE-A,Male,72,90,58,49,67.25,C,Pass
S0113,Student_113,CSE-A,Female,71,95,25,41,58.0,D,Pass
S0114,Student_114,ECE-A,Female,95,34,55,22,51.5,D,Pass
S0115,Student_115,IT-A,Male,97,45,87,90,79.75,B,Pass
S0116,Student_116,ECE-A,Female,100,67,65,88,80.0,A,Pass
S0117,Student_117,ECE-A,Female,42,69,81,61,63.25,C,Pass
S0118,Student_118,CSE-A,Female,89,49,46,87,67.75,C,Pass
S0119,Student_119,ECE-A,Male,71,47,65,100,70.75,B,Pass
S0120,Student_120,CSE-B,Female,77,93,73,69,78.0,B,Pass
S0121,Student_121,CSE-A,Male,90,89,82,33,73.5,B,Pass
S0122,Student_122,CSE-A,Female,30,45,88,55,54.5,D,Pass
S0123,Student_123,CSE-B,Female,66,34,98,88,71.5,B,Pass
S0124,Student_124,CSE-A,Female,62,66,29,94,62.75,C,Pass
S0125,Student_125,ECE-A,Female,20,77,63,57,54.25,D,Pass
S0126,Student_126,CSE-A,Male,90,77,80,70,79.25,B,Pass
S0127,Student_127,IT-A,Female,50,30,84,54,54.5,D,Pass
S0128,Student_128,ECE-A,Male,53,47,77,28,51.25,D,Pass
S0129,Student_129,ECE-A,Female,33,92,99,70,73.5,B,Pass
S0130,Student_130,CSE-A,Female,94,25,92,92,75.75,B,Pass
S0131,Student_131,IT-A,Male,27,68,73,81,62.25,C,Pass
S0132,Student_132,IT-A,Female,84,85,30,99,74.5,B,Pass
S0133,Student_133,CSE-A,Male,55,70,84,43,63.0,C,Pass
S0134,Student_134,ECE-A,Male,63,64,27,55,52.25,D,Pass
S0135,Student_135,IT-A,Female,76,59,33,86,63.5,C,Pass
S0136,Student_136,IT-A,Male,41,67,81,25,53.5,D,Pass
S0137,Student_137,ECE-A,Male,78,82,81,36,69.25,C,Pass
S0138,Student_138,IT-A,Male,66,77,21,26,47.5,F,Pass
S0139,Student_139,IT-A,Male,25,45,96,43,52.25,D,Pass
S0140,Student_140,CSE-A,Male,90,85,71,31,69.25,C,Pass
S0141,Student_141,ECE-A,Female,52,93,33,24,50.5,D,Pass
S0142,Student_142,CSE-A,Male,47,75,73,70,66.25,C,Pass
S0143,Student_143,ECE-A,Male,45,20,80,54,49.75,F,Pass
S0144,Student_144,ECE-A,Female,50,49,60,94,63.25,C,Pass
S0145,Student_145,CSE-B,Male,95,39,45,29,52.0,D,Pass
S0146,Student_146,ECE-A,Male,72,27,41,68,52.0,D,Pass
S0147,Student_147,IT-A,Male,89,78,74,45,71.5,B,Pass
S0148,Student_148,CSE-A,Female,29,92,47,71,59.75,D,Pass
S0149,Student_149,IT-A,Male,90,99,45,82,79.0,B,Pass
S0150,Student_150,ECE-A,Female,77,42,62,66,61.75,C,Pass
S0151,Student_151,IT-A,Female,44,100,49,63,64.0,C,Pass
S0152,Student_152,CSE-A,Male,32,62,32,55,45.25,F,Pass
S0153,Student_153,CSE-A,Male,100,88,77,73,84.5,A,Pass
S0154,Student_154,ECE-A,Male,43,24,65,76,52.0,D,Pass
S0155,Student_155,CSE-A,Male,32,86,76,34,57.0,D,Pass
S0156,Student_156,ECE-A,Female,71,24,91,53,59.75,D,Pass
S0157,Student_157,CSE-A,Male,36,22,34,33,31.25,F,Fail
S0158,Student_158,IT-A,Male,48,22,55,20,36.25,F,Fail
S0159,Student_159,IT-A,Male,44,31,64,55,48.5,F,Pass
S0160,Student_160,IT-A,Male,37,20,41,28,31.5,F,Fail
S0161,Student_161,ECE-A,Female,92,70,21,81,66.0,C,Pass
S0162,Student_162,CSE-A,Female,33,62,45,88,57.0,D,Pass
S0163,Student_163,IT-A,Female,77,86,36,95,73.5,B,Pass
S0164,Student_164,ECE-A,Male,42,24,94,81,60.25,C,Pass
S0165,Student_165,ECE-A,Male,67,30,86,71,63.5,C,Pass
S0166,Student_166,CSE-B,Female,79,73,74,37,65.75,C,Pass
S0167,Student_167,CSE-B,Female,95,25,30,98,62.0,C,Pass
S0168,Student_168,CSE-B,Male,54,80,92,49,68.75,C,Pass
S0169,Student_169,CSE-B,Male,33,55,66,22,44.0,F,Pass
S0170,Student_170,ECE-A,Male,89,82,42,67,70.0,B,Pass
S0171,Student_171,CSE-B,Female,35,85,74,87,70.25,B,Pass
S0172,Student_172,CSE-A,Female,56,68,100,32,64.0,C,Pass
S0173,Student_173,ECE-A,Female,96,24,89,39,62.0,C,Pass
S0174,Student_174,ECE-A,Female,100,38,81,35,63.5,C,Pass
S0175,Student_175,CSE-A,Male,41,52,49,76,54.5,D,Pass
S0176,Student_176,CSE-B,Female,54,63,80,96,73.25,B,Pass
S0177,Student_177,CSE-B,Male,90,74,41,45,62.5,C,Pass
S0178,Student_178,ECE-A,Male,84,55,43,88,67.5,C,Pass
S0179,Student_179,CSE-B,Female,65,43,94,32,58.5,D,Pass
S0180,Student_180,CSE-A,Female,25,41,71,81,54.5,D,Pass
S0181,Student_181,ECE-A,Female,21,69,27,48,41.25,F,Pass
S0182,Student_182,IT-A,Female,73,22,44,97,59.0,D,Pass
S0183,Student_183,IT-A,Female,42,68,59,79,62.0,C,Pass
S0184,Student_184,IT-A,Male,59,85,79,56,69.75,C,Pass
S0185,Student_185,ECE-A,Male,23,93,91,87,73.5,B,Pass
S0186,Student_186,CSE-A,Male,52,33,85,99,67.25,C,Pass
S0187,Student_187,IT-A,Female,24,25,90,33,43.0,F,Pass
S0188,Student_188,IT-A,Female,24,39,41,77,45.25,F,Pass
S0189,Student_189,IT-A,Female,99,27,29,52,51.75,D,Pass
S0190,Student_190,CSE-B,Male,53,38,70,23,46.0,F,Pass
S0191,Student_191,IT-A,Male,30,41,68,85,56.0,D,Pass
S0192,Student_192,CSE-A,Male,25,80,42,79,56.5,D,Pass
S0193,Student_193,CSE-B,Female,42,80,20,27,42.25,F,Pass
S0194,Student_194,ECE-A,Male,57,21,44,74,49.0,F,Pass
S0195,Student_195,ECE-A,Female,55,73,23,92,60.75,C,Pass
S0196,Student_196,CSE-A,Male,97,65,62,65,72.25,B,Pass
S0197,Student_197,ECE-A,Male,43,88,35,62,57.0,D,Pass
S0198,Student_198,IT-A,Male,26,27,76,98,56.75,D,Pass
S0199,Student_199,CSE-B,Female,81,64,66,44,63.75,C,Pass
S0200,Student_200,CSE-A,Male,54,71,37,87,62.25,C,Pass
S0201,Student_201,IT-A,Male,67,62,23,36,47.0,F,Pass
S0202,Student_202,CSE-B,Male,72,63,98,75,77.0,B,Pass
S0203,Student_203,ECE-A,Female,96,55,48,73,68.0,C,Pass
S0204,Student_204,IT-A,Male,97,86,42,30,63.75,C,Pass
S0205,Student_205,ECE-A,Female,78,36,64,48,56.5,D,Pass
S0206,Student_206,CSE-B,Female,96,20,21,25,40.5,F,Pass
S0207,Student_207,ECE-A,Female,63,86,73,40,65.5,C,Pass
S0208,Student_208,IT-A,Male,53,26,92,73,61.0,C,Pass
S0209,Student_209,ECE-A,Female,65,79,64,87,73.75,B,Pass
S0210,Student_210,CSE-B,Male,87,88,64,45,71.0,B,Pass
S0211,Student_211,IT-A,Male,51,90,62,63,66.5,C,Pass
S0212,Student_212,ECE-A,Male,50,81,63,29,55.75,D,Pass
S0213,Student_213,IT-A,Female,65,85,37,45,58.0,D,Pass
S0214,Student_214,IT-A,Male,25,58,45,41,42.25,F,Pass
S0215,Student_215,ECE-A,Male,56,85,60,20,55.25,D,Pass
S0216,Student_216,CSE-A,Male,52,41,56,73,55.5,D,Pass
S0217,Student_217,CSE-B,Male,77,73,83,20,63.25,C,Pass
S0218,Student_218,IT-A,Male,58,79,77,26,60.0,C,Pass
S0219,Student_219,ECE-A,Male,42,98,32,62,58.5,D,Pass
S0220,Student_220,IT-A,Male,78,20,75,38,52.75,D,Pass
S0221,Student_221,CSE-B,Male,58,81,82,55,69.0,C,Pass
S0222,Student_222,IT-A,Male,53,84,79,71,71.75,B,Pass
S0223,Student_223,CSE-A,Male,76,78,86,63,75.75,B,Pass
S0224,Student_224,IT-A,Female,34,31,75,98,59.5,D,Pass
S0225,Student_225,CSE-B,Male,86,55,36,68,61.25,C,Pass
S0226,Student_226,IT-A,Female,23,62,22,41,37.0,F,Fail
S0227,Student_227,ECE-A,Female,51,74,46,54,56.25,D,Pass
S0228,Student_228,IT-A,Female,99,29,49,53,57.5,D,Pass
S0229,Student_229,CSE-A,Female,88,31,63,68,62.5,C,Pass
S0230,Student_230,CSE-B,Male,88,80,76,79,80.75,A,Pass
S0231,Student_231,CSE-B,Male,33,49,84,58,56.0,D,Pass
S0232,Student_232,CSE-A,Male,76,87,69,81,78.25,B,Pass
S0233,Student_233,CSE-B,Female,61,61,31,100,63.25,C,Pass
S0234,Student_234,ECE-A,Male,20,25,70,81,49.0,F,Pass
S0235,Student_235,ECE-A,Female,49,41,50,97,59.25,D,Pass
S0236,Student_236,ECE-A,Male,35,22,26,33,29.0,F,Fail
S0237,Student_237,CSE-A,Male,53,61,30,72,54.0,D,Pass
S0238,Student_238,CSE-A,Male,74,21,20,97,53.0,D,Pass
S0239,Student_239,ECE-A,Male,36,48,77,95,64.0,C,Pass
S0240,Student_240,CSE-A,Male,81,46,56,72,63.75,C,Pass
S0241,Student_241,ECE-A,Female,92,86,56,72,76.5,B,Pass
S0242,Student_242,CSE-B,Male,59,62,85,78,71.0,B,Pass
S0243,Student_243,ECE-A,Female,44,93,96,37,67.5,C,Pass
S0244,Student_244,CSE-B,Female,92,33,36,43,51.0,D,Pass
S0245,Student_245,IT-A,Male,49,25,52,69,48.75,F,Pass
S0246,Student_246,CSE-A,Female,71,81,99,69,80.0,A,Pass
S0247,Student_247,ECE-A,Male,22,67,68,56,53.25,D,Pass
S0248,Student_248,IT-A,Female,54,28,74,54,52.5,D,Pass
S0249,Student_249,CSE-B,Female,80,22,92,30,56.0,D,Pass
S0250,Student_250,IT-A,Male,66,44,59,74,60.75,C,Pass
S0251,Student_251,CSE-B,Female,97,33,82,44,64.0,C,Pass
S0252,Student_252,CSE-A,Male,80,57,98,90,81.25,A,Pass
S0253,Student_253,ECE-A,Female,24,39,60,20,35.75,F,Fail
S0254,Student_254,IT-A,Male,78,46,56,32,53.0,D,Pass
S0255,Student_255,CSE-B,Male,23,20,30,59,33.0,F,Fail
S0256,Student_256,CSE-A,Male,57,46,55,93,62.75,C,Pass
S0257,Student_257,ECE-A,Female,44,97,31,45,54.25,D,Pass
S0258,Student_258,ECE-A,Female,63,45,65,30,50.75,D,Pass
S0259,Student_259,IT-A,Female,98,99,35,25,64.25,C,Pass
S0260,Student_260,CSE-A,Male,90,68,65,44,66.75,C,Pass
S0261,Student_261,IT-A,Female,21,85,62,75,60.75,C,Pass
S0262,Student_262,CSE-B,Female,57,77,24,24,45.5,F,Pass
S0263,Student_263,CSE-A,Female,45,49,72,79,61.25,C,Pass
S0264,Student_264,CSE-A,Female,54,32,25,66,44.25,F,Pass
S0265,Student_265,IT-A,Female,29,41,80,98,62.0,C,Pass
S0266,Student_266,CSE-A,Male,42,97,30,70,59.75,D,Pass
S0267,Student_267,CSE-B,Female,56,85,52,74,66.75,C,Pass
S0268,Student_268,CSE-B,Female,74,76,82,74,76.5,B,Pass
S0269,Student_269,ECE-A,Female,96,42,21,61,55.0,D,Pass
S0270,Student_270,CSE-A,Female,81,71,64,73,72.25,B,Pass
S0271,Student_271,CSE-B,Male,23,56,66,73,54.5,D,Pass
S0272,Student_272,ECE-A,Male,33,30,95,76,58.5,D,Pass
S0273,Student_273,CSE-A,Male,37,46,32,93,52.0,D,Pass
S0274,Student_274,CSE-B,Male,76,57,22,28,45.75,F,Pass
S0275,Student_275,CSE-A,Male,85,59,73,76,73.25,B,Pass
S0276,Student_276,ECE-A,Female,47,30,100,87,66.0,C,Pass
S0277,Student_277,IT-A,Male,53,34,43,20,37.5,F,Fail
S0278,Student_278,ECE-A,Male,26,73,40,28,41.75,F,Pass
S0279,Student_279,CSE-A,Male,60,87,86,40,68.25,C,Pass
S0280,Student_280,ECE-A,Female,81,44,39,71,58.75,D,Pass
S0281,Student_281,IT-A,Female,32,85,39,57,53.25,D,Pass
S0282,Student_282,ECE-A,Female,80,77,91,51,74.75,B,Pass
S0283,Student_283,CSE-A,Male,40,71,94,21,56.5,D,Pass
S0284,Student_284,IT-A,Male,40,72,47,43,50.5,D,Pass
S0285,Student_285,CSE-B,Male,74,97,26,97,73.5,B,Pass
S0286,Student_286,CSE-A,Female,40,36,82,71,57.25,D,Pass
S0287,Student_287,CSE-A,Female,92,98,60,51,75.25,B,Pass
S0288,Student_288,IT-A,Male,44,44,35,20,35.75,F,Fail
S0289,Student_289,IT-A,Male,58,51,78,78,66.25,C,Pass
S0290,Student_290,CSE-A,Female,49,35,85,78,61.75,C,Pass
S0291,Student_291,ECE-A,Male,99,100,89,51,84.75,A,Pass
S0292,Student_292,CSE-B,Male,74,85,40,94,73.25,B,Pass
S0293,Student_293,ECE-A,Male,75,64,43,62,61.0,C,Pass
S0294,Student_294,IT-A,Female,66,79,90,32,66.75,C,Pass
S0295,Student_295,CSE-A,Male,57,25,20,59,40.25,F,Pass
S0296,Student_296,CSE-A,Male,39,31,39,66,43.75,F,Pass
S0297,Student_297,IT-A,Female,96,35,62,61,63.5,C,Pass
S0298,Student_298,CSE-A,Female,50,48,21,90,52.25,D,Pass
S0299,Student_299,CSE-A,Female,59,88,95,99,85.25,A,Pass
S0300,Student_300,CSE-B,Male,89,63,91,52,73.75,B,Pass
S0301,Student_301,CSE-B,Female,90,97,56,85,82.0,A,Pass
S0302,Student_302,CSE-A,Male,77,20,24,55,44.0,F,Pass
S0303,Student_303,CSE-A,Female,51,40,88,93,68.0,C,Pass
S0304,Student_304,CSE-B,Female,93,78,69,62,75.5,B,Pass
S0305,Student_305,IT-A,Male,73,60,43,22,49.5,F,Pass
S0306,Student_306,IT-A,Female,34,42,21,43,35.0,F,Fail
S0307,Student_307,ECE-A,Male,40,28,85,26,44.75,F,Pass
S0308,Student_308,CSE-A,Male,85,66,98,92,85.25,A,Pass
S0309,Student_309,IT-A,Female,100,54,60,41,63.75,C,Pass
S0310,Student_310,ECE-A,Female,29,21,95,83,57.0,D,Pass
S0311,Student_311,CSE-B,Male,68,62,39,22,47.75,F,Pass
S0312,Student_312,CSE-B,Male,68,27,61,24,45.0,F,Pass
S0313,Student_313,CSE-B,Male,52,59,100,38,62.25,C,Pass
S0314,Student_314,ECE-A,Male,99,61,72,45,69.25,C,Pass
S0315,Student_315,IT-A,Female,34,34,81,59,52.0,D,Pass
S0316,Student_316,IT-A,Female,76,94,44,97,77.75,B,Pass
S0317,Student_317,CSE-B,Male,58,56,88,98,75.0,B,Pass
S0318,Student_318,ECE-A,Female,87,91,78,32,72.0,B,Pass
S0319,Student_319,CSE-B,Female,96,56,95,92,84.75,A,Pass
S0320,Student_320,CSE-A,Male,28,54,53,63,49.5,F,Pass
S0321,Student_321,CSE-A,Male,35,89,71,86,70.25,B,Pass
S0322,Student_322,ECE-A,Male,32,79,26,95,58.0,D,Pass
S0323,Student_323,IT-A,Male,79,32,24,34,42.25,F,Pass
S0324,Student_324,IT-A,Male,62,94,66,63,71.25,B,Pass
S0325,Student_325,ECE-A,Male,47,64,46,98,63.75,C,Pass
S0326,Student_326,ECE-A,Female,94,67,93,95,87.25,A,Pass
S0327,Student_327,ECE-A,Male,79,78,21,62,60.0,C,Pass
S0328,Student_328,CSE-B,Male,53,74,32,40,49.75,F,Pass
S0329,Student_329,ECE-A,Male,97,65,38,48,62.0,C,Pass
S0330,Student_330,ECE-A,Female,38,64,53,49,51.0,D,Pass
S0331,Student_331,CSE-A,Female,47,86,45,39,54.25,D,Pass
S0332,Student_332,ECE-A,Male,46,74,55,72,61.75,C,Pass
S0333,Student_333,ECE-A,Male,29,31,89,86,58.75,D,Pass
S0334,Student_334,IT-A,Female,50,27,62,91,57.5,D,Pass
S0335,Student_335,ECE-A,Female,77,48,65,98,72.0,B,Pass
S0336,Student_336,ECE-A,Female,91,39,45,79,63.5,C,Pass
S0337,Student_337,IT-A,Male,55,21,57,29,40.5,F,Pass
S0338,Student_338,CSE-A,Male,69,70,40,74,63.25,C,Pass
S0339,Student_339,CSE-B,Male,37,27,63,90,54.25,D,Pass
S0340,Student_340,ECE-A,Female,92,76,65,55,72.0,B,Pass
S0341,Student_341,CSE-A,Female,56,74,68,55,63.25,C,Pass
S0342,Student_342,CSE-A,Female,90,26,69,47,58.0,D,Pass
S0343,Student_343,IT-A,Male,84,81,85,41,72.75,B,Pass
S0344,Student_344,IT-A,Female,60,43,65,44,53.0,D,Pass
S0345,Student_345,CSE-A,Female,69,91,92,73,81.25,A,Pass
S0346,Student_346,CSE-B,Male,44,41,90,30,51.25,D,Pass
S0347,Student_347,CSE-B,Female,89,94,48,75,76.5,B,Pass
S0348,Student_348,IT-A,Female,43,73,66,34,54.0,D,Pass
S0349,Student_349,ECE-A,Male,48,59,56,43,51.5,D,Pass
S0350,Student_350,CSE-B,Male,37,45,77,91,62.5,C,Pass
S0351,Student_351,CSE-A,Female,53,28,29,54,41.0,F,Pass
S0352,Student_352,CSE-A,Male,39,81,37,85,60.5,C,Pass
S0353,Student_353,CSE-A,Male,67,65,40,33,51.25,D,Pass
S0354,Student_354,ECE-A,Female,82,97,30,34,60.75,C,Pass
S0355,Student_355,IT-A,Female,80,79,58,45,65.5,C,Pass
S0356,Student_356,IT-A,Male,27,54,51,65,49.25,F,Pass
S0357,Student_357,CSE-A,Male,20,28,27,59,33.5,F,Fail
S0358,Student_358,ECE-A,Male,60,62,91,68,70.25,B,Pass
S0359,Student_359,IT-A,Female,52,50,36,93,57.75,D,Pass
S0360,Student_360,ECE-A,Female,61,95,25,72,63.25,C,Pass
S0361,Student_361,ECE-A,Male,75,33,34,51,48.25,F,Pass
S0362,Student_362,IT-A,Male,45,60,52,91,62.0,C,Pass
S0363,Student_363,CSE-B,Male,33,60,55,70,54.5,D,Pass
S0364,Student_364,CSE-B,Male,61,77,93,57,72.0,B,Pass
S0365,Student_365,CSE-A,Male,20,60,50,31,40.25,F,Pass
S0366,Student_366,CSE-A,Male,41,65,92,79,69.25,C,Pass
S0367,Student_367,CSE-A,Male,68,82,97,56,75.75,B,Pass
S0368,Student_368,ECE-A,Male,33,58,25,68,46.0,F,Pass
S0369,Student_369,CSE-A,Female,28,93,48,99,67.0,C,Pass
S0370,Student_370,IT-A,Female,92,25,84,66,66.75,C,Pass
S0371,Student_371,IT-A,Male,39,78,51,49,54.25,D,Pass
S0372,Student_372,IT-A,Female,56,32,96,35,54.75,D,Pass
S0373,Student_373,CSE-A,Female,26,37,21,32,29.0,F,Fail
S0374,Student_374,CSE-B,Female,99,78,35,46,64.5,C,Pass
S0375,Student_375,IT-A,Male,72,99,83,56,77.5,B,Pass
S0376,Student_376,ECE-A,Female,40,100,97,36,68.25,C,Pass
S0377,Student_377,CSE-A,Female,44,84,29,39,49.0,F,Pass
S0378,Student_378,CSE-B,Female,92,25,49,64,57.5,D,Pass
S0379,Student_379,CSE-B,Female,34,99,90,56,69.75,C,Pass
S0380,Student_380,ECE-A,Male,45,52,35,67,49.75,F,Pass
S0381,Student_381,CSE-A,Female,48,72,71,87,69.5,C,Pass
S0382,Student_382,ECE-A,Male,48,85,43,72,62.0,C,Pass
S0383,Student_383,CSE-B,Male,23,75,69,78,61.25,C,Pass
S0384,Student_384,CSE-A,Female,56,72,50,81,64.75,C,Pass
S0385,Student_385,CSE-A,Male,58,53,34,63,52.0,D,Pass
S0386,Student_386,ECE-A,Male,82,75,65,73,73.75,B,Pass
S0387,Student_387,CSE-A,Female,52,82,80,78,73.0,B,Pass
S0388,Student_388,ECE-A,Male,40,77,97,26,60.0,C,Pass
S0389,Student_389,IT-A,Female,65,37,34,68,51.0,D,Pass
S0390,Student_390,IT-A,Male,22,31,84,67,51.0,D,Pass
S0391,Student_391,IT-A,Female,85,49,47,50,57.75,D,Pass
S0392,Student_392,CSE-A,Female,87,50,35,55,56.75,D,Pass
S0393,Student_393,CSE-A,Male,93,33,84,34,61.0,C,Pass
S0394,Student_394,ECE-A,Male,79,82,80,66,76.75,B,Pass
S0395,Student_395,ECE-A,Male,43,58,56,22,44.75,F,Pass
S0396,Student_396,ECE-A,Female,45,75,28,48,49.0,F,Pass
S0397,Student_397,IT-A,Male,53,69,55,93,67.5,C,Pass
S0398,Student_398,CSE-A,Female,25,82,77,100,71.0,B,Pass
S0399,Student_399,ECE-A,Female,21,91,20,60,48.0,F,Pass
S0400,Student_400,ECE-A,Female,55,45,84,32,54.0,D,Pass
S0401,Student_401,CSE-B,Male,66,38,88,29,55.25,D,Pass
S0402,Student_402,CSE-A,Male,29,73,37,52,47.75,F,Pass
S0403,Student_403,CSE-B,Male,66,97,34,55,63.0,C,Pass
S0404,Student_404,ECE-A,Male,46,25,70,70,52.75,D,Pass
S0405,Student_405,IT-A,Male,55,51,37,54,49.25,F,Pass
S0406,Student_406,CSE-B,Male,74,96,72,24,66.5,C,Pass
S0407,Student_407,IT-A,Female,49,78,75,65,66.75,C,Pass
S0408,Student_408,ECE-A,Male,91,53,60,58,65.5,C,Pass
S0409,Student_409,IT-A,Male,39,44,71,75,57.25,D,Pass
S0410,Student_410,CSE-A,Male,26,93,34,41,48.5,F,Pass
S0411,Student_411,ECE-A,Male,77,44,65,79,66.25,C,Pass
S0412,Student_412,IT-A,Male,27,84,40,26,44.25,F,Pass
S0413,Student_413,IT-A,Female,50,26,87,68,57.75,D,Pass
S0414,Student_414,IT-A,Female,79,75,85,34,68.25,C,Pass
S0415,Student_415,CSE-A,Female,62,64,62,60,62.0,C,Pass
S0416,Student_416,ECE-A,Female,81,34,100,43,64.5,C,Pass
S0417,Student_417,IT-A,Male,48,91,85,75,74.75,B,Pass
S0418,Student_418,CSE-A,Female,70,91,85,22,67.0,C,Pass
S0419,Student_419,IT-A,Male,55,62,90,63,67.5,C,Pass
S0420,Student_420,CSE-B,Female,94,36,22,64,54.0,D,Pass
S0421,Student_421,ECE-A,Female,65,27,70,100,65.5,C,Pass
S0422,Student_422,IT-A,Male,67,99,37,45,62.0,C,Pass
S0423,Student_423,CSE-B,Male,91,86,90,20,71.75,B,Pass
S0424,Student_424,CSE-B,Female,49,46,24,32,37.75,F,Fail
S0425,Student_425,IT-A,Female,56,78,99,44,69.25,C,Pass
S0426,Student_426,CSE-A,Female,92,26,76,78,68.0,C,Pass
S0427,Student_427,ECE-A,Male,67,21,45,21,38.5,F,Fail
S0428,Student_428,IT-A,Female,41,36,47,50,43.5,F,Pass
S0429,Student_429,CSE-B,Male,39,51,68,23,45.25,F,Pass
S0430,Student_430,IT-A,Male,28,72,42,28,42.5,F,Pass
S0431,Student_431,IT-A,Male,70,61,40,67,59.5,D,Pass
S0432,Student_432,CSE-A,Male,37,93,58,44,58.0,D,Pass
S0433,Student_433,CSE-A,Male,25,70,43,43,45.25,F,Pass
S0434,Student_434,IT-A,Male,53,79,45,93,67.5,C,Pass
S0435,Student_435,ECE-A,Male,48,46,64,93,62.75,C,Pass
S0436,Student_436,ECE-A,Female,82,20,38,84,56.0,D,Pass
S0437,Student_437,ECE-A,Female,20,37,70,63,47.5,F,Pass
S0438,Student_438,CSE-B,Female,69,78,42,88,69.25,C,Pass
S0439,Student_439,CSE-B,Male,73,67,31,22,48.25,F,Pass
S0440,Student_440,ECE-A,Male,94,95,47,72,77.0,B,Pass
S0441,Student_441,IT-A,Male,40,21,64,29,38.5,F,Fail
S0442,Student_442,CSE-B,Male,77,38,83,25,55.75,D,Pass
S0443,Student_443,CSE-A,Female,82,73,20,68,60.75,C,Pass
S0444,Student_444,IT-A,Female,31,89,45,23,47.0,F,Pass
S0445,Student_445,CSE-A,Male,44,75,89,45,63.25,C,Pass
S0446,Student_446,ECE-A,Male,60,44,77,96,69.25,C,Pass
S0447,Student_447,CSE-A,Male,43,80,60,90,68.25,C,Pass
S0448,Student_448,IT-A,Female,89,99,70,37,73.75,B,Pass
S0449,Student_449,CSE-A,Male,49,98,41,36,56.0,D,Pass
S0450,Student_450,CSE-B,Female,24,64,82,56,56.5,D,Pass
S0451,Student_451,CSE-A,Male,63,72,68,80,70.75,B,Pass
S0452,Student_452,IT-A,Male,36,93,60,97,71.5,B,Pass
S0453,Student_453,CSE-B,Female,64,27,25,44,40.0,F,Pass
S0454,Student_454,CSE-B,Female,59,48,44,59,52.5,D,Pass
S0455,Student_455,CSE-A,Female,83,91,96,86,89.0,A,Pass
S0456,Student_456,CSE-B,Female,46,35,77,89,61.75,C,Pass
S0457,Student_457,ECE-A,Male,98,20,27,71,54.0,D,Pass
S0458,Student_458,ECE-A,Male,56,21,35,71,45.75,F,Pass
S0459,Student_459,CSE-A,Male,37,71,44,83,58.75,D,Pass
S0460,Student_460,IT-A,Male,52,99,51,71,68.25,C,Pass
S0461,Student_461,CSE-A,Male,54,56,74,60,61.0,C,Pass
S0462,Student_462,CSE-B,Female,37,87,85,45,63.5,C,Pass
S0463,Student_463,IT-A,Female,91,70,46,21,57.0,D,Pass
S0464,Student_464,CSE-A,Male,64,76,75,69,71.0,B,Pass
S0465,Student_465,IT-A,Male,33,63,82,34,53.0,D,Pass
S0466,Student_466,ECE-A,Female,82,85,41,20,57.0,D,Pass
S0467,Student_467,IT-A,Female,70,63,28,38,49.75,F,Pass
S0468,Student_468,CSE-A,Female,65,25,65,43,49.5,F,Pass
S0469,Student_469,ECE-A,Male,68,49,56,82,63.75,C,Pass
S0470,Student_470,IT-A,Female,81,30,77,58,61.5,C,Pass
S0471,Student_471,CSE-A,Female,59,26,43,29,39.25,F,Fail
S0472,Student_472,IT-A,Female,87,74,47,79,71.75,B,Pass
S0473,Student_473,CSE-A,Female,59,21,29,67,44.0,F,Pass
S0474,Student_474,CSE-A,Female,53,54,60,40,51.75,D,Pass
S0475,Student_475,IT-A,Female,69,46,68,29,53.0,D,Pass
S0476,Student_476,ECE-A,Male,23,37,37,24,30.25,F,Fail
S0477,Student_477,IT-A,Male,34,70,49,49,50.5,D,Pass
S0478,Student_478,ECE-A,Female,29,69,99,52,62.25,C,Pass
S0479,Student_479,CSE-B,Male,41,98,54,85,69.5,C,Pass
S0480,Student_480,IT-A,Female,54,78,96,41,67.25,C,Pass
S0481,Student_481,IT-A,Male,30,82,83,68,65.75,C,Pass
S0482,Student_482,ECE-A,Female,35,82,60,95,68.0,C,Pass
S0483,Student_483,CSE-A,Male,99,92,53,67,77.75,B,Pass
S0484,Student_484,ECE-A,Female,55,33,70,44,50.5,D,Pass
S0485,Student_485,CSE-B,Male,75,60,73,21,57.25,D,Pass
S0486,Student_486,CSE-B,Male,74,68,67,42,62.75,C,Pass
S0487,Student_487,CSE-B,Male,88,23,38,29,44.5,F,Pass
S0488,Student_488,ECE-A,Male,68,43,57,25,48.25,F,Pass
S0489,Student_489,CSE-A,Female,51,81,70,25,56.75,D,Pass
S0490,Student_490,ECE-A,Male,58,25,43,23,37.25,F,Fail
S0491,Student_491,CSE-B,Female,39,77,68,73,64.25,C,Pass
S0492,Student_492,CSE-B,Female,49,49,32,100,57.5,D,Pass
S0493,Student_493,CSE-A,Female,86,95,62,64,76.75,B,Pass
S0494,Student_494,ECE-A,Female,60,84,54,44,60.5,C,Pass
S0495,Student_495,CSE-A,Male,31,78,99,55,65.75,C,Pass
S0496,Student_496,ECE-A,Male,64,43,74,55,59.0,D,Pass
S0497,Student_497,CSE-A,Female,87,69,90,70,79.0,B,Pass
S0498,Student_498,CSE-B,Male,28,36,47,60,42.75,F,Pass
S0499,Student_499,CSE-A,Female,47,100,21,28,49.0,F,Pass
S0500,Student_500,ECE-A,Female,49,51,97,34,57.75,D,Pass
S0501,Student_501,IT-A,Female,42,84,76,86,72.0,B,Pass
S0502,Student_502,CSE-B,Male,46,69,82,68,66.25,C,Pass
S0503,Student_503,CSE-A,Male,75,87,81,24,66.75,C,Pass
S0504,Student_504,ECE-A,Male,24,91,85,52,63.0,C,Pass
S0505,Student_505,ECE-A,Male,71,29,21,53,43.5,F,Pass
S0506,Student_506,IT-A,Male,30,50,43,26,37.25,F,Fail
S0507,Student_507,IT-A,Female,86,26,44,64,55.0,D,Pass
S0508,Student_508,CSE-B,Female,60,73,78,97,77.0,B,Pass
S0509,Student_509,ECE-A,Male,56,80,81,25,60.5,C,Pass
S0510,Student_510,IT-A,Female,57,61,84,78,70.0,B,Pass
S0511,Student_511,CSE-A,Female,67,73,63,29,58.0,D,Pass
S0512,Student_512,CSE-B,Female,37,60,76,44,54.25,D,Pass
S0513,Student_513,IT-A,Female,59,92,90,39,70.0,B,Pass
S0514,Student_514,CSE-B,Male,85,58,84,42,67.25,C,Pass
S0515,Student_515,CSE-B,Male,70,37,74,98,69.75,C,Pass
S0516,Student_516,ECE-A,Male,97,79,64,22,65.5,C,Pass
S0517,Student_517,CSE-B,Female,87,70,43,62,65.5,C,Pass
S0518,Student_518,CSE-A,Male,85,68,60,50,65.75,C,Pass
S0519,Student_519,IT-A,Male,82,63,30,100,68.75,C,Pass
S0520,Student_520,IT-A,Female,25,79,87,38,57.25,D,Pass
S0521,Student_521,ECE-A,Male,59,70,83,34,61.5,C,Pass
S0522,Student_522,ECE-A,Female,81,88,84,33,71.5,B,Pass
S0523,Student_523,ECE-A,Male,31,74,93,90,72.0,B,Pass
S0524,Student_524,IT-A,Female,91,25,37,66,54.75,D,Pass
S0525,Student_525,ECE-A,Male,21,34,88,60,50.75,D,Pass
S0526,Student_526,CSE-B,Male,84,36,24,79,55.75,D,Pass
S0527,Student_527,CSE-B,Male,77,34,69,73,63.25,C,Pass
S0528,Student_528,IT-A,Female,94,59,79,65,74.25,B,Pass
S0529,Student_529,CSE-A,Female,90,49,64,69,68.0,C,Pass
S0530,Student_530,CSE-B,Male,37,69,34,80,55.0,D,Pass
S0531,Student_531,IT-A,Male,56,44,38,20,39.5,F,Fail
S0532,Student_532,IT-A,Female,31,20,42,30,30.75,F,Fail
S0533,Student_533,CSE-B,Male,93,28,48,51,55.0,D,Pass
S0534,Student_534,ECE-A,Male,55,74,63,35,56.75,D,Pass
S0535,Student_535,ECE-A,Male,54,26,64,33,44.25,F,Pass
S0536,Student_536,IT-A,Male,27,22,91,38,44.5,F,Pass
S0537,Student_537,ECE-A,Male,35,48,80,30,48.25,F,Pass
S0538,Student_538,ECE-A,Male,61,35,84,84,66.0,C,Pass
S0539,Student_539,IT-A,Female,56,70,65,95,71.5,B,Pass
S0540,Student_540,CSE-A,Male,83,90,25,23,55.25,D,Pass
S0541,Student_541,ECE-A,Male,70,25,36,48,44.75,F,Pass
S0542,Student_542,ECE-A,Female,21,80,22,57,45.0,F,Pass
S0543,Student_543,IT-A,Male,33,79,39,99,62.5,C,Pass
S0544,Student_544,ECE-A,Female,34,56,36,57,45.75,F,Pass
S0545,Student_545,CSE-B,Male,22,25,35,51,33.25,F,Fail
S0546,Student_546,ECE-A,Male,26,95,85,53,64.75,C,Pass
S0547,Student_547,IT-A,Female,59,44,86,74,65.75,C,Pass
S0548,Student_548,CSE-A,Male,31,78,72,57,59.5,D,Pass
S0549,Student_549,IT-A,Female,29,88,75,72,66.0,C,Pass
S0550,Student_550,CSE-A,Male,88,53,59,100,75.0,B,Pass
S0551,Student_551,IT-A,Male,72,75,84,35,66.5,C,Pass
S0552,Student_552,ECE-A,Male,48,82,70,26,56.5,D,Pass
S0553,Student_553,IT-A,Male,88,41,23,47,49.75,F,Pass
S0554,Student_554,CSE-A,Female,50,76,35,42,50.75,D,Pass
S0555,Student_555,CSE-A,Male,64,89,56,70,69.75,C,Pass
S0556,Student_556,CSE-A,Male,98,75,83,97,88.25,A,Pass
S0557,Student_557,CSE-A,Female,95,56,51,53,63.75,C,Pass
S0558,Student_558,CSE-A,Male,98,64,54,70,71.5,B,Pass
S0559,Student_559,IT-A,Female,47,92,33,24,49.0,F,Pass
S0560,Student_560,ECE-A,Female,89,36,61,34,55.0,D,Pass
S0561,Student_561,ECE-A,Male,25,22,55,85,46.75,F,Pass
S0562,Student_562,ECE-A,Male,41,27,89,27,46.0,F,Pass
S0563,Student_563,IT-A,Female,78,48,39,82,61.75,C,Pass
S0564,Student_564,CSE-A,Female,62,85,96,44,71.75,B,Pass
S0565,Student_565,ECE-A,Female,94,81,95,72,85.5,A,Pass
S0566,Student_566,CSE-B,Male,51,47,28,29,38.75,F,Fail
S0567,Student_567,CSE-B,Female,93,48,84,77,75.5,B,Pass
S0568,Student_568,ECE-A,Male,86,38,46,65,58.75,D,Pass
S0569,Student_569,CSE-A,Female,52,62,91,37,60.5,C,Pass
S0570,Student_570,CSE-A,Male,40,63,86,97,71.5,B,Pass
S0571,Student_571,ECE-A,Female,73,78,100,98,87.25,A,Pass
S0572,Student_572,CSE-B,Female,31,83,22,66,50.5,D,Pass
S0573,Student_573,CSE-A,Female,76,23,68,79,61.5,C,Pass
S0574,Student_574,CSE-B,Female,64,54,74,83,68.75,C,Pass
S0575,Student_575,IT-A,Male,32,48,65,32,44.25,F,Pass
S0576,Student_576,ECE-A,Female,85,50,56,34,56.25,D,Pass
S0577,Student_577,IT-A,Female,83,94,44,21,60.5,C,Pass
S0578,Student_578,ECE-A,Male,98,82,67,99,86.5,A,Pass
S0579,Student_579,CSE-A,Male,23,46,32,73,43.5,F,Pass
S0580,Student_580,CSE-A,Female,96,31,64,58,62.25,C,Pass
S0581,Student_581,IT-A,Male,54,53,79,93,69.75,C,Pass
S0582,Student_582,CSE-B,Female,21,49,74,100,61.0,C,Pass
S0583,Student_583,ECE-A,Female,42,91,83,63,69.75,C,Pass
S0584,Student_584,CSE-A,Female,67,99,34,86,71.5,B,Pass
S0585,Student_585,CSE-A,Male,27,58,34,67,46.5,F,Pass
S0586,Student_586,IT-A,Male,63,90,31,58,60.5,C,Pass
S0587,Student_587,CSE-A,Male,41,26,41,33,35.25,F,Fail
S0588,Student_588,ECE-A,Female,54,91,86,40,67.75,C,Pass
S0589,Student_589,CSE-B,Male,64,86,83,41,68.5,C,Pass
S0590,Student_590,IT-A,Female,47,20,85,82,58.5,D,Pass
S0591,Student_591,CSE-B,Male,72,100,65,58,73.75,B,Pass
S0592,Student_592,ECE-A,Female,27,76,28,32,40.75,F,Pass
S0593,Student_593,CSE-B,Male,78,98,84,56,79.0,B,Pass
S0594,Student_594,IT-A,Female,82,90,29,63,66.0,C,Pass
S0595,Student_595,CSE-A,Female,33,92,68,49,60.5,C,Pass
S0596,Student_596,ECE-A,Male,81,52,67,37,59.25,D,Pass
S0597,Student_597,CSE-B,Female,58,97,91,85,82.75,A,Pass
S0598,Student_598,CSE-B,Female,45,81,31,68,56.25,D,Pass
S0599,Student_599,IT-A,Male,56,42,51,69,54.5,D,Pass
S0600,Student_600,IT-A,Female,76,78,86,54,73.5,B,Pass
S0601,Student_601,ECE-A,Male,44,64,23,32,40.75,F,Pass
S0602,Student_602,CSE-B,Female,65,99,46,46,64.0,C,Pass
S0603,Student_603,CSE-A,Female,61,69,84,20,58.5,D,Pass
S0604,Student_604,IT-A,Male,40,62,98,57,64.25,C,Pass
S0605,Student_605,CSE-B,Female,25,67,54,93,59.75,D,Pass
S0606,Student_606,IT-A,Male,23,54,29,80,46.5,F,Pass
S0607,Student_607,CSE-A,Male,95,90,81,61,81.75,A,Pass
S0608,Student_608,CSE-B,Female,34,62,96,86,69.5,C,Pass
S0609,Student_609,CSE-A,Female,71,85,97,98,87.75,A,Pass
S0610,Student_610,IT-A,Female,22,36,28,49,33.75,F,Fail
S0611,Student_611,CSE-B,Male,72,78,84,69,75.75,B,Pass
S0612,Student_612,CSE-B,Male,59,25,32,100,54.0,D,Pass
S0613,Student_613,CSE-A,Female,74,45,51,55,56.25,D,Pass
S0614,Student_614,CSE-A,Male,21,59,86,81,61.75,C,Pass
S0615,Student_615,ECE-A,Female,42,29,37,66,43.5,F,Pass
S0616,Student_616,CSE-A,Female,94,50,99,59,75.5,B,Pass
S0617,Student_617,CSE-B,Female,21,33,65,98,54.25,D,Pass
S0618,Student_618,CSE-B,Male,78,30,24,56,47.0,F,Pass
S0619,Student_619,CSE-A,Male,31,37,97,31,49.0,F,Pass
S0620,Student_620,IT-A,Female,28,71,60,92,62.75,C,Pass
S0621,Student_621,IT-A,Male,49,62,80,61,63.0,C,Pass
S0622,Student_622,CSE-A,Male,73,98,39,46,64.0,C,Pass
S0623,Student_623,IT-A,Male,22,66,33,53,43.5,F,Pass
S0624,Student_624,ECE-A,Female,48,77,67,86,69.5,C,Pass
S0625,Student_625,IT-A,Male,44,29,71,78,55.5,D,Pass
S0626,Student_626,CSE-A,Female,87,89,54,81,77.75,B,Pass
S0627,Student_627,ECE-A,Male,29,59,23,59,42.5,F,Pass
S0628,Student_628,ECE-A,Female,42,42,31,51,41.5,F,Pass
S0629,Student_629,CSE-A,Male,92,28,21,70,52.75,D,Pass
S0630,Student_630,IT-A,Male,36,38,60,92,56.5,D,Pass
S0631,Student_631,IT-A,Female,43,44,85,52,56.0,D,Pass
S0632,Student_632,ECE-A,Female,72,37,39,70,54.5,D,Pass
S0633,Student_633,CSE-A,Female,34,50,88,33,51.25,D,Pass
S0634,Student_634,IT-A,Female,75,48,81,44,62.0,C,Pass
S0635,Student_635,CSE-A,Female,65,53,63,35,54.0,D,Pass
S0636,Student_636,CSE-A,Female,60,63,57,34,53.5,D,Pass
S0637,Student_637,ECE-A,Male,92,59,91,72,78.5,B,Pass
S0638,Student_638,ECE-A,Male,58,93,87,27,66.25,C,Pass
S0639,Student_639,CSE-A,Male,71,25,58,62,54.0,D,Pass
S0640,Student_640,IT-A,Female,98,71,70,23,65.5,C,Pass
S0641,Student_641,ECE-A,Male,34,29,37,54,38.5,F,Fail
S0642,Student_642,IT-A,Male,44,82,68,98,73.0,B,Pass
S0643,Student_643,ECE-A,Male,31,66,46,42,46.25,F,Pass
S0644,Student_644,CSE-A,Male,73,63,89,82,76.75,B,Pass
S0645,Student_645,IT-A,Male,78,76,89,58,75.25,B,Pass
S0646,Student_646,IT-A,Female,46,68,69,29,53.0,D,Pass
S0647,Student_647,CSE-B,Male,28,47,41,22,34.5,F,Fail
S0648,Student_648,CSE-B,Female,81,30,46,58,53.75,D,Pass
S0649,Student_649,CSE-B,Male,20,86,63,98,66.75,C,Pass
S0650,Student_650,IT-A,Male,55,84,68,43,62.5,C,Pass
S0651,Student_651,ECE-A,Male,48,53,71,90,65.5,C,Pass
S0652,Student_652,IT-A,Male,39,40,23,35,34.25,F,Fail
S0653,Student_653,CSE-A,Female,39,43,99,66,61.75,C,Pass
S0654,Student_654,CSE-A,Male,46,71,54,29,50.0,D,Pass
S0655,Student_655,CSE-B,Female,38,37,66,27,42.0,F,Pass
S0656,Student_656,CSE-B,Male,44,41,95,72,63.0,C,Pass
S0657,Student_657,IT-A,Male,65,59,56,98,69.5,C,Pass
S0658,Student_658,CSE-B,Male,63,82,39,96,70.0,B,Pass
S0659,Student_659,IT-A,Female,36,25,47,100,52.0,D,Pass
S0660,Student_660,IT-A,Male,35,63,94,77,67.25,C,Pass
S0661,Student_661,CSE-B,Male,40,58,71,93,65.5,C,Pass
S0662,Student_662,CSE-B,Female,44,39,21,28,33.0,F,Fail
S0663,Student_663,IT-A,Female,43,36,34,42,38.75,F,Fail
S0664,Student_664,ECE-A,Female,72,40,44,60,54.0,D,Pass
S0665,Student_665,CSE-A,Female,52,74,20,76,55.5,D,Pass
S0666,Student_666,CSE-B,Female,94,35,83,40,63.0,C,Pass
S0667,Student_667,ECE-A,Male,82,85,83,89,84.75,A,Pass
S0668,Student_668,CSE-B,Male,68,66,78,25,59.25,D,Pass
S0669,Student_669,IT-A,Male,23,56,49,43,42.75,F,Pass
S0670,Student_670,CSE-A,Male,51,81,84,75,72.75,B,Pass
S0671,Student_671,ECE-A,Female,57,39,96,83,68.75,C,Pass
S0672,Student_672,ECE-A,Female,24,76,39,56,48.75,F,Pass
S0673,Student_673,IT-A,Female,96,72,82,86,84.0,A,Pass
S0674,Student_674,ECE-A,Female,79,74,77,36,66.5,C,Pass
S0675,Student_675,CSE-B,Male,49,74,45,32,50.0,D,Pass
S0676,Student_676,IT-A,Female,24,25,77,90,54.0,D,Pass
S0677,Student_677,CSE-A,Male,63,97,52,79,72.75,B,Pass
S0678,Student_678,IT-A,Female,25,78,66,79,62.0,C,Pass
S0679,Student_679,IT-A,Female,85,47,84,92,77.0,B,Pass
S0680,Student_680,IT-A,Male,33,38,92,39,50.5,D,Pass
S0681,Student_681,ECE-A,Female,71,44,83,72,67.5,C,Pass
S0682,Student_682,ECE-A,Male,85,76,42,64,66.75,C,Pass
S0683,Student_683,CSE-A,Female,66,97,57,93,78.25,B,Pass
S0684,Student_684,IT-A,Female,74,84,29,56,60.75,C,Pass
S0685,Student_685,ECE-A,Male,52,54,34,93,58.25,D,Pass
S0686,Student_686,IT-A,Female,58,84,90,98,82.5,A,Pass
S0687,Student_687,IT-A,Male,91,48,91,100,82.5,A,Pass
S0688,Student_688,IT-A,Female,77,31,40,25,43.25,F,Pass
S0689,Student_689,CSE-A,Male,53,29,96,77,63.75,C,Pass
S0690,Student_690,ECE-A,Male,41,59,97,46,60.75,C,Pass
S0691,Student_691,ECE-A,Male,99,63,25,56,60.75,C,Pass
S0692,Student_692,ECE-A,Female,28,58,66,91,60.75,C,Pass
S0693,Student_693,IT-A,Male,30,42,90,36,49.5,F,Pass
S0694,Student_694,ECE-A,Male,68,96,50,98,78.0,B,Pass
S0695,Student_695,CSE-A,Female,76,29,85,51,60.25,C,Pass
S0696,Student_696,IT-A,Male,43,23,49,27,35.5,F,Fail
S0697,Student_697,IT-A,Male,98,62,62,50,68.0,C,Pass
S0698,Student_698,IT-A,Female,56,21,48,71,49.0,F,Pass
S0699,Student_699,ECE-A,Male,100,52,30,99,70.25,B,Pass
S0700,Student_700,CSE-B,Female,71,32,67,92,65.5,C,Pass
S0701,Student_701,IT-A,Female,95,63,74,41,68.25,C,Pass
S0702,Student_702,CSE-A,Male,28,70,45,23,41.5,F,Pass
S0703,Student_703,IT-A,Female,64,40,65,31,50.0,D,Pass
S0704,Student_704,ECE-A,Female,84,34,61,61,60.0,C,Pass
S0705,Student_705,CSE-A,Female,46,81,37,33,49.25,F,Pass
S0706,Student_706,IT-A,Female,63,84,22,57,56.5,D,Pass
S0707,Student_707,ECE-A,Male,38,75,95,56,66.0,C,Pass
S0708,Student_708,CSE-B,Male,83,62,65,78,72.0,B,Pass
S0709,Student_709,CSE-B,Male,82,37,78,68,66.25,C,Pass
S0710,Student_710,ECE-A,Female,98,62,30,31,55.25,D,Pass
S0711,Student_711,IT-A,Male,73,48,68,100,72.25,B,Pass
S0712,Student_712,IT-A,Female,91,42,93,82,77.0,B,Pass
S0713,Student_713,CSE-A,Male,24,90,65,72,62.75,C,Pass
S0714,Student_714,ECE-A,Female,99,61,38,25,55.75,D,Pass
S0715,Student_715,ECE-A,Male,58,39,84,66,61.75,C,Pass
S0716,Student_716,ECE-A,Female,38,51,57,46,48.0,F,Pass
S0717,Student_717,ECE-A,Female,88,60,86,98,83.0,A,Pass
S0718,Student_718,ECE-A,Female,40,46,58,75,54.75,D,Pass
S0719,Student_719,CSE-A,Female,73,35,20,97,56.25,D,Pass
S0720,Student_720,ECE-A,Male,88,36,44,22,47.5,F,Pass
S0721,Student_721,ECE-A,Male,30,75,26,34,41.25,F,Pass
S0722,Student_722,CSE-A,Female,91,45,73,76,71.25,B,Pass
S0723,Student_723,CSE-A,Male,39,90,40,41,52.5,D,Pass
S0724,Student_724,IT-A,Male,49,45,55,22,42.75,F,Pass
S0725,Student_725,ECE-A,Female,23,46,63,54,46.5,F,Pass
S0726,Student_726,CSE-B,Female,70,49,56,38,53.25,D,Pass
S0727,Student_727,IT-A,Male,54,92,76,70,73.0,B,Pass
S0728,Student_728,ECE-A,Female,72,77,22,93,66.0,C,Pass
S0729,Student_729,CSE-A,Male,75,45,56,74,62.5,C,Pass
S0730,Student_730,ECE-A,Female,48,80,29,69,56.5,D,Pass
S0731,Student_731,CSE-B,Male,93,79,38,72,70.5,B,Pass
S0732,Student_732,ECE-A,Female,26,97,76,84,70.75,B,Pass
S0733,Student_733,CSE-A,Female,51,82,92,90,78.75,B,Pass
S0734,Student_734,CSE-B,Female,79,71,85,72,76.75,B,Pass
S0735,Student_735,CSE-B,Male,38,89,99,46,68.0,C,Pass
S0736,Student_736,CSE-B,Female,98,87,71,28,71.0,B,Pass
S0737,Student_737,IT-A,Female,25,42,76,99,60.5,C,Pass
S0738,Student_738,ECE-A,Male,61,62,44,59,56.5,D,Pass
S0739,Student_739,IT-A,Male,83,59,97,38,69.25,C,Pass
S0740,Student_740,CSE-A,Male,26,74,25,97,55.5,D,Pass
S0741,Student_741,CSE-B,Male,60,78,41,36,53.75,D,Pass
S0742,Student_742,CSE-B,Female,28,80,20,21,37.25,F,Fail
S0743,Student_743,IT-A,Female,27,58,51,82,54.5,D,Pass
S0744,Student_744,CSE-A,Female,90,36,68,26,55.0,D,Pass
S0745,Student_745,CSE-B,Male,39,92,21,66,54.5,D,Pass
S0746,Student_746,IT-A,Male,49,54,53,27,45.75,F,Pass
S0747,Student_747,ECE-A,Female,42,91,71,100,76.0,B,Pass
S0748,Student_748,ECE-A,Male,43,82,25,90,60.0,C,Pass
S0749,Student_749,CSE-B,Female,93,99,82,65,84.75,A,Pass
S0750,Student_750,ECE-A,Female,52,91,33,74,62.5,C,Pass
S0751,Student_751,ECE-A,Female,97,48,44,90,69.75,C,Pass
S0752,Student_752,ECE-A,Male,71,38,83,74,66.5,C,Pass
S0753,Student_753,CSE-B,Male,85,32,75,29,55.25,D,Pass
S0754,Student_754,ECE-A,Male,67,74,70,97,77.0,B,Pass
S0755,Student_755,CSE-B,Female,88,86,31,79,71.0,B,Pass
S0756,Student_756,CSE-B,Female,92,76,84,83,83.75,A,Pass
S0757,Student_757,IT-A,Male,60,98,35,73,66.5,C,Pass
S0758,Student_758,IT-A,Male,87,98,62,48,73.75,B,Pass
S0759,Student_759,IT-A,Male,42,44,92,60,59.5,D,Pass
S0760,Student_760,CSE-A,Female,37,92,98,95,80.5,A,Pass
S0761,Student_761,ECE-A,Female,63,57,98,25,60.75,C,Pass
S0762,Student_762,CSE-A,Female,89,43,98,81,77.75,B,Pass
S0763,Student_763,CSE-B,Female,21,86,88,62,64.25,C,Pass
S0764,Student_764,IT-A,Male,94,39,70,70,68.25,C,Pass
S0765,Student_765,IT-A,Female,83,36,22,48,47.25,F,Pass
S0766,Student_766,CSE-A,Male,40,78,49,49,54.0,D,Pass
S0767,Student_767,CSE-B,Male,67,32,22,70,47.75,F,Pass
S0768,Student_768,ECE-A,Female,51,91,21,76,59.75,D,Pass
S0769,Student_769,CSE-A,Male,63,36,86,33,54.5,D,Pass
S0770,Student_770,IT-A,Female,55,46,46,59,51.5,D,Pass
S0771,Student_771,IT-A,Male,59,53,37,60,52.25,D,Pass
S0772,Student_772,ECE-A,Female,54,82,25,32,48.25,F,Pass
S0773,Student_773,ECE-A,Male,23,76,46,87,58.0,D,Pass
S0774,Student_774,CSE-B,Female,86,54,35,71,61.5,C,Pass
S0775,Student_775,ECE-A,Male,85,22,44,74,56.25,D,Pass
S0776,Student_776,ECE-A,Male,99,30,60,94,70.75,B,Pass
S0777,Student_777,CSE-B,Female,63,89,66,51,67.25,C,Pass
S0778,Student_778,CSE-B,Male,77,59,73,30,59.75,D,Pass
S0779,Student_779,ECE-A,Female,35,50,73,95,63.25,C,Pass
S0780,Student_780,IT-A,Female,92,35,24,48,49.75,F,Pass
S0781,Student_781,CSE-B,Male,57,74,35,55,55.25,D,Pass
S0782,Student_782,IT-A,Male,44,59,69,90,65.5,C,Pass
S0783,Student_783,IT-A,Male,53,70,20,43,46.5,F,Pass
S0784,Student_784,ECE-A,Male,85,39,71,56,62.75,C,Pass
S0785,Student_785,CSE-B,Male,22,32,82,68,51.0,D,Pass
S0786,Student_786,IT-A,Male,73,37,95,79,71.0,B,Pass
S0787,Student_787,ECE-A,Male,60,22,46,33,40.25,F,Pass
S0788,Student_788,CSE-A,Female,91,73,29,26,54.75,D,Pass
S0789,Student_789,CSE-B,Female,89,82,34,100,76.25,B,Pass
S0790,Student_790,CSE-B,Female,76,50,48,23,49.25,F,Pass
S0791,Student_791,CSE-A,Female,51,26,46,44,41.75,F,Pass
S0792,Student_792,IT-A,Female,64,59,48,31,50.5,D,Pass
S0793,Student_793,CSE-B,Male,51,94,72,57,68.5,C,Pass
S0794,Student_794,IT-A,Female,26,66,44,38,43.5,F,Pass
S0795,Student_795,ECE-A,Female,60,71,98,52,70.25,B,Pass
S0796,Student_796,ECE-A,Female,31,90,69,32,55.5,D,Pass
S0797,Student_797,CSE-A,Female,29,82,55,46,53.0,D,Pass
S0798,Student_798,CSE-A,Female,72,89,32,24,54.25,D,Pass
S0799,Student_799,CSE-B,Male,91,94,63,54,75.5,B,Pass
S0800,Student_800,CSE-A,Female,75,37,32,66,52.5,D,Pass
S0801,Student_801,CSE-B,Female,93,63,91,38,71.25,B,Pass
S0802,Student_802,IT-A,Male,47,93,80,79,74.75,B,Pass
S0803,Student_803,CSE-B,Male,47,80,60,80,66.75,C,Pass
S0804,Student_804,ECE-A,Male,27,53,21,87,47.0,F,Pass
S0805,Student_805,IT-A,Male,82,20,82,80,66.0,C,Pass
S0806,Student_806,CSE-B,Male,27,26,39,70,40.5,F,Pass
S0807,Student_807,CSE-B,Female,53,61,47,73,58.5,D,Pass
S0808,Student_808,IT-A,Female,76,47,34,60,54.25,D,Pass
S0809,Student_809,ECE-A,Male,30,86,91,53,65.0,C,Pass
S0810,Student_810,CSE-A,Female,52,58,49,81,60.0,C,Pass
S0811,Student_811,IT-A,Female,78,26,21,51,44.0,F,Pass
S0812,Student_812,ECE-A,Female,68,64,99,58,72.25,B,Pass
S0813,Student_813,CSE-B,Female,51,83,80,51,66.25,C,Pass
S0814,Student_814,IT-A,Female,83,97,46,71,74.25,B,Pass
S0815,Student_815,CSE-B,Female,97,55,73,37,65.5,C,Pass
S0816,Student_816,IT-A,Male,92,54,24,64,58.5,D,Pass
S0817,Student_817,IT-A,Male,65,20,27,100,53.0,D,Pass
S0818,Student_818,ECE-A,Female,21,25,51,33,32.5,F,Fail
S0819,Student_819,CSE-B,Female,65,74,66,70,68.75,C,Pass
S0820,Student_820,CSE-B,Male,98,73,36,21,57.0,D,Pass
S0821,Student_821,CSE-B,Male,28,29,57,62,44.0,F,Pass
S0822,Student_822,IT-A,Male,48,49,92,80,67.25,C,Pass
S0823,Student_823,ECE-A,Male,20,69,33,46,42.0,F,Pass
S0824,Student_824,CSE-A,Male,29,25,70,70,48.5,F,Pass
S0825,Student_825,IT-A,Female,60,61,38,85,61.0,C,Pass
S0826,Student_826,CSE-A,Female,69,38,59,30,49.0,F,Pass
S0827,Student_827,IT-A,Male,37,31,38,65,42.75,F,Pass
S0828,Student_828,CSE-A,Male,69,28,34,29,40.0,F,Pass
S0829,Student_829,ECE-A,Female,73,96,97,98,91.0,A+,Pass
S0830,Student_830,CSE-A,Female,63,49,35,88,58.75,D,Pass
S0831,Student_831,CSE-A,Female,85,89,80,73,81.75,A,Pass
S0832,Student_832,CSE-A,Female,100,65,76,92,83.25,A,Pass
S0833,Student_833,ECE-A,Female,47,57,45,22,42.75,F,Pass
S0834,Student_834,CSE-B,Female,96,61,20,29,51.5,D,Pass
S0835,Student_835,CSE-A,Female,93,23,55,62,58.25,D,Pass
S0836,Student_836,IT-A,Male,100,23,23,52,49.5,F,Pass
S0837,Student_837,ECE-A,Female,69,56,46,26,49.25,F,Pass
S0838,Student_838,ECE-A,Female,26,55,96,59,59.0,D,Pass
S0839,Student_839,CSE-A,Male,78,92,53,96,79.75,B,Pass
S0840,Student_840,ECE-A,Female,49,88,44,84,66.25,C,Pass
S0841,Student_841,IT-A,Female,58,61,64,61,61.0,C,Pass
S0842,Student_842,ECE-A,Female,30,65,41,31,41.75,F,Pass
S0843,Student_843,CSE-B,Male,51,65,73,100,72.25,B,Pass
S0844,Student_844,ECE-A,Male,95,92,80,20,71.75,B,Pass
S0845,Student_845,CSE-B,Female,53,61,79,44,59.25,D,Pass
S0846,Student_846,ECE-A,Male,66,22,71,76,58.75,D,Pass
S0847,Student_847,CSE-B,Female,68,64,87,68,71.75,B,Pass
S0848,Student_848,ECE-A,Male,33,76,36,87,58.0,D,Pass
S0849,Student_849,CSE-B,Male,25,84,35,73,54.25,D,Pass
S0850,Student_850,IT-A,Male,88,38,55,93,68.5,C,Pass
S0851,Student_851,ECE-A,Male,48,39,74,34,48.75,F,Pass
S0852,Student_852,IT-A,Female,28,86,57,74,61.25,C,Pass
S0853,Student_853,CSE-B,Male,69,92,23,27,52.75,D,Pass
S0854,Student_854,CSE-B,Male,81,57,89,57,71.0,B,Pass
S0855,Student_855,CSE-A,Female,51,31,37,26,36.25,F,Fail
S0856,Student_856,ECE-A,Male,80,30,48,92,62.5,C,Pass
S0857,Student_857,ECE-A,Male,29,61,21,85,49.0,F,Pass
S0858,Student_858,CSE-A,Female,43,35,22,84,46.0,F,Pass
S0859,Student_859,CSE-B,Female,42,37,89,99,66.75,C,Pass
S0860,Student_860,IT-A,Male,26,48,69,97,60.0,C,Pass
S0861,Student_861,CSE-A,Male,31,83,90,89,73.25,B,Pass
S0862,Student_862,CSE-A,Male,93,34,24,69,55.0,D,Pass
S0863,Student_863,CSE-A,Female,62,50,33,79,56.0,D,Pass
S0864,Student_864,CSE-B,Female,64,42,76,37,54.75,D,Pass
S0865,Student_865,ECE-A,Male,43,89,97,40,67.25,C,Pass
S0866,Student_866,ECE-A,Female,78,99,49,90,79.0,B,Pass
S0867,Student_867,CSE-B,Female,67,61,42,46,54.0,D,Pass
S0868,Student_868,IT-A,Female,41,66,86,81,68.5,C,Pass
S0869,Student_869,ECE-A,Female,92,92,38,89,77.75,B,Pass
S0870,Student_870,IT-A,Male,99,75,69,76,79.75,B,Pass
S0871,Student_871,CSE-A,Male,34,52,98,56,60.0,C,Pass
S0872,Student_872,CSE-B,Female,49,31,90,71,60.25,C,Pass
S0873,Student_873,IT-A,Male,89,36,65,71,65.25,C,Pass
S0874,Student_874,ECE-A,Male,34,53,54,70,52.75,D,Pass
S0875,Student_875,ECE-A,Male,62,20,69,81,58.0,D,Pass
S0876,Student_876,ECE-A,Female,78,51,70,62,65.25,C,Pass
S0877,Student_877,ECE-A,Male,89,52,79,48,67.0,C,Pass
S0878,Student_878,CSE-A,Female,33,28,83,32,44.0,F,Pass
S0879,Student_879,CSE-B,Female,77,97,28,60,65.5,C,Pass
S0880,Student_880,CSE-B,Female,62,63,29,70,56.0,D,Pass
S0881,Student_881,CSE-A,Male,77,37,34,96,61.0,C,Pass
S0882,Student_882,CSE-A,Male,64,70,46,77,64.25,C,Pass
S0883,Student_883,IT-A,Female,64,76,86,85,77.75,B,Pass
S0884,Student_884,ECE-A,Male,80,65,59,73,69.25,C,Pass
S0885,Student_885,ECE-A,Male,76,93,28,61,64.5,C,Pass
S0886,Student_886,CSE-B,Male,20,63,58,38,44.75,F,Pass
S0887,Student_887,IT-A,Female,83,44,94,81,75.5,B,Pass
S0888,Student_888,ECE-A,Male,40,44,38,32,38.5,F,Fail
S0889,Student_889,CSE-A,Female,88,100,51,44,70.75,B,Pass
S0890,Student_890,CSE-A,Female,34,76,83,78,67.75,C,Pass
S0891,Student_891,CSE-B,Male,33,24,93,76,56.5,D,Pass
S0892,Student_892,IT-A,Female,34,89,39,41,50.75,D,Pass
S0893,Student_893,IT-A,Male,58,24,73,76,57.75,D,Pass
S0894,Student_894,IT-A,Male,31,66,23,42,40.5,F,Pass
S0895,Student_895,CSE-A,Male,34,44,65,66,52.25,D,Pass
S0896,Student_896,IT-A,Female,67,67,25,99,64.5,C,Pass
S0897,Student_897,CSE-B,Male,93,50,53,90,71.5,B,Pass
S0898,Student_898,CSE-A,Female,47,25,38,95,51.25,D,Pass
S0899,Student_899,ECE-A,Female,99,72,85,88,86.0,A,Pass
S0900,Student_900,CSE-B,Female,27,52,77,86,60.5,C,Pass
S0901,Student_901,ECE-A,Male,40,33,97,43,53.25,D,Pass
S0902,Student_902,CSE-B,Male,34,28,63,75,50.0,D,Pass
S0903,Student_903,CSE-B,Male,28,27,62,76,48.25,F,Pass
S0904,Student_904,ECE-A,Male,32,31,23,40,31.5,F,Fail
S0905,Student_905,IT-A,Male,37,60,59,98,63.5,C,Pass
S0906,Student_906,CSE-B,Female,54,69,29,79,57.75,D,Pass
S0907,Student_907,IT-A,Male,23,91,54,72,60.0,C,Pass
S0908,Student_908,CSE-A,Female,23,60,79,50,53.0,D,Pass
S0909,Student_909,IT-A,Female,40,28,23,87,44.5,F,Pass
S0910,Student_910,ECE-A,Female,57,92,52,48,62.25,C,Pass
S0911,Student_911,CSE-B,Female,27,21,91,61,50.0,D,Pass
S0912,Student_912,CSE-A,Female,70,90,49,32,60.25,C,Pass
S0913,Student_913,CSE-A,Female,84,71,29,51,58.75,D,Pass
S0914,Student_914,CSE-A,Female,85,87,62,22,64.0,C,Pass
S0915,Student_915,CSE-B,Male,40,80,26,39,46.25,F,Pass
S0916,Student_916,CSE-B,Female,51,32,24,60,41.75,F,Pass
S0917,Student_917,CSE-A,Female,57,32,76,89,63.5,C,Pass
S0918,Student_918,CSE-A,Female,69,72,60,74,68.75,C,Pass
S0919,Student_919,ECE-A,Female,56,72,93,21,60.5,C,Pass
S0920,Student_920,IT-A,Male,86,72,37,98,73.25,B,Pass
S0921,Student_921,IT-A,Female,64,20,98,25,51.75,D,Pass
S0922,Student_922,CSE-B,Female,79,36,61,39,53.75,D,Pass
S0923,Student_923,ECE-A,Female,31,55,88,35,52.25,D,Pass
S0924,Student_924,CSE-B,Male,27,98,87,32,61.0,C,Pass
S0925,Student_925,CSE-A,Female,25,70,64,45,51.0,D,Pass
S0926,Student_926,IT-A,Male,39,52,71,43,51.25,D,Pass
S0927,Student_927,CSE-A,Male,90,58,27,98,68.25,C,Pass
S0928,Student_928,CSE-A,Female,100,97,91,49,84.25,A,Pass
S0929,Student_929,IT-A,Female,91,100,65,58,78.5,B,Pass
S0930,Student_930,CSE-B,Male,50,39,43,26,39.5,F,Fail
S0931,Student_931,CSE-A,Female,95,81,71,87,83.5,A,Pass
S0932,Student_932,CSE-A,Female,24,47,90,36,49.25,F,Pass
S0933,Student_933,IT-A,Male,33,51,80,77,60.25,C,Pass
S0934,Student_934,IT-A,Male,62,36,72,44,53.5,D,Pass
S0935,Student_935,IT-A,Male,23,42,86,49,50.0,D,Pass
S0936,Student_936,ECE-A,Female,30,68,78,99,68.75,C,Pass
S0937,Student_937,CSE-A,Male,26,90,42,87,61.25,C,Pass
S0938,Student_938,CSE-A,Female,62,74,44,66,61.5,C,Pass
S0939,Student_939,CSE-A,Male,90,85,48,96,79.75,B,Pass
S0940,Student_940,CSE-B,Female,80,42,42,62,56.5,D,Pass
S0941,Student_941,CSE-A,Female,67,63,81,86,74.25,B,Pass
S0942,Student_942,ECE-A,Male,100,59,84,95,84.5,A,Pass
S0943,Student_943,ECE-A,Female,24,72,31,67,48.5,F,Pass
S0944,Student_944,CSE-B,Male,30,26,79,24,39.75,F,Fail
S0945,Student_945,ECE-A,Female,82,53,39,77,62.75,C,Pass
S0946,Student_946,IT-A,Female,75,46,85,54,65.0,C,Pass
S0947,Student_947,ECE-A,Female,51,92,25,85,63.25,C,Pass
S0948,Student_948,CSE-B,Male,67,71,48,73,64.75,C,Pass
S0949,Student_949,CSE-A,Female,55,59,76,65,63.75,C,Pass
S0950,Student_950,CSE-A,Female,57,64,37,91,62.25,C,Pass
S0951,Student_951,CSE-A,Male,62,91,21,67,60.25,C,Pass
S0952,Student_952,CSE-B,Female,39,70,29,35,43.25,F,Pass
S0953,Student_953,IT-A,Female,56,46,21,77,50.0,D,Pass
S0954,Student_954,ECE-A,Female,83,100,83,79,86.25,A,Pass
S0955,Student_955,CSE-B,Female,31,48,45,24,37.0,F,Fail
S0956,Student_956,CSE-A,Male,56,73,57,65,62.75,C,Pass
S0957,Student_957,CSE-B,Male,24,89,21,91,56.25,D,Pass
S0958,Student_958,IT-A,Male,81,30,88,34,58.25,D,Pass
S0959,Student_959,CSE-B,Male,56,43,49,96,61.0,C,Pass
S0960,Student_960,CSE-B,Male,51,41,65,56,53.25,D,Pass
S0961,Student_961,CSE-A,Female,54,96,43,85,69.5,C,Pass
S0962,Student_962,CSE-A,Female,30,49,75,64,54.5,D,Pass
S0963,Student_963,CSE-B,Female,28,59,45,54,46.5,F,Pass
S0964,Student_964,CSE-A,Male,75,51,63,61,62.5,C,Pass
S0965,Student_965,ECE-A,Female,50,51,99,79,69.75,C,Pass
S0966,Student_966,IT-A,Female,89,89,34,50,65.5,C,Pass
S0967,Student_967,IT-A,Male,25,100,56,61,60.5,C,Pass
S0968,Student_968,CSE-B,Female,61,29,83,61,58.5,D,Pass
S0969,Student_969,IT-A,Male,31,72,26,93,55.5,D,Pass
S0970,Student_970,ECE-A,Male,68,27,45,91,57.75,D,Pass
S0971,Student_971,IT-A,Female,52,70,83,56,65.25,C,Pass
S0972,Student_972,ECE-A,Male,30,50,64,100,61.0,C,Pass
S0973,Student_973,CSE-B,Female,36,99,75,95,76.25,B,Pass
S0974,Student_974,CSE-A,Male,30,56,95,25,51.5,D,Pass
S0975,Student_975,IT-A,Male,46,31,56,39,43.0,F,Pass
S0976,Student_976,CSE-B,Female,56,70,87,30,60.75,C,Pass
S0977,Student_977,CSE-B,Female,98,65,35,74,68.0,C,Pass
S0978,Student_978,CSE-A,Male,65,79,49,24,54.25,D,Pass
S0979,Student_979,IT-A,Male,58,76,63,73,67.5,C,Pass
S0980,Student_980,IT-A,Male,27,33,83,79,55.5,D,Pass
S0981,Student_981,ECE-A,Female,30,36,77,61,51.0,D,Pass
S0982,Student_982,ECE-A,Male,69,97,77,26,67.25,C,Pass
S0983,Student_983,CSE-A,Female,41,85,28,77,57.75,D,Pass
S0984,Student_984,ECE-A,Male,36,28,31,62,39.25,F,Fail
S0985,Student_985,CSE-A,Female,79,100,62,33,68.5,C,Pass
S0986,Student_986,CSE-B,Male,56,29,33,92,52.5,D,Pass
S0987,Student_987,CSE-A,Female,42,52,53,81,57.0,D,Pass
S0988,Student_988,CSE-A,Female,45,94,59,36,58.5,D,Pass
S0989,Student_989,ECE-A,Female,58,74,66,94,73.0,B,Pass
S0990,Student_990,ECE-A,Male,64,36,26,54,45.0,F,Pass
S0991,Student_991,CSE-A,Male,99,70,99,50,79.5,B,Pass
S0992,Student_992,CSE-A,Male,73,65,57,62,64.25,C,Pass
S0993,Student_993,CSE-A,Male,29,33,62,20,36.0,F,Fail
S0994,Student_994,CSE-B,Female,91,97,79,74,85.25,A,Pass
S0995,Student_995,CSE-A,Male,76,69,44,88,69.25,C,Pass
S0996,Student_996,CSE-A,Female,89,24,39,94,61.5,C,Pass
S0997,Student_997,ECE-A,Male,35,77,61,68,60.25,C,Pass
S0998,Student_998,CSE-A,Male,43,45,33,63,46.0,F,Pass
S0999,Student_999,CSE-A,Female,36,26,91,86,59.75,D,Pass
S1000,Student_1000,IT-A,Male,88,78,52,57,68.75,C,Pass
